zip_code,latitude,longitude
60002,42.4674,-88.09419
60004,42.11206,-87.97895
60005,42.06518,-87.98676
60007,42.01431,-87.99828
60008,42.0739,-88.0229
60010,42.15255,-88.16519
60012,42.27199,-88.31157
60013,42.22027,-88.23568
60014,42.23126,-88.32679
60015,42.17239,-87.87486
60016,42.05232,-87.8899
60018,41.99629,-87.89846
60020,42.39543,-88.17349
60021,42.19511,-88.21768
60022,42.13637,-87.7664
60025,42.07466,-87.81204
60026,42.09221,-87.83789
60029,42.05857,-87.78496
60030,42.33536,-88.04519
60031,42.37494,-87.94119
60033,42.42333,-88.61104
60034,42.45869,-88.42665
60035,42.18358,-87.8106
60040,42.20652,-87.81274
60041,42.36939,-88.15309
60042,42.27913,-88.19777
60043,42.08882,-87.71445
60044,42.2842,-87.86392
60045,42.23807,-87.87006
60046,42.41572,-88.06094
60047,42.20202,-88.04522
60048,42.29494,-87.9466
60050,42.32915,-88.29363
60051,42.35099,-88.22412
60053,42.04224,-87.78895
60056,42.06618,-87.93473
60060,42.26945,-88.03997
60061,42.2334,-87.96046
60062,42.12663,-87.84235
60064,42.3237,-87.86122
60067,42.10773,-88.06478
60068,42.01276,-87.84435
60069,42.19588,-87.92439
60070,42.10406,-87.92768
60071,42.46403,-88.30975
60072,42.40647,-88.30637
60073,42.3516,-88.10597
60074,42.13179,-88.02658
60075,42.49245,-87.91205
60076,42.03412,-87.72943
60077,42.03617,-87.75633
60081,42.45115,-88.22173
60083,42.43716,-87.94663
60084,42.26807,-88.13856
60085,42.35498,-87.86467
60087,42.40444,-87.85631
60088,42.30685,-87.85232
60089,42.16736,-87.96076
60090,42.13031,-87.92268
60091,42.07693,-87.72812
60093,42.10333,-87.75826
60096,42.48091,-87.82978
60097,42.39343,-88.36164
60098,42.32468,-88.45672
60099,42.46053,-87.86901
60101,41.931,-88.01072
60102,42.16406,-88.30928
60103,41.97816,-88.20511
60104,41.88256,-87.87646
60106,41.9611,-87.94194
60107,42.02148,-88.1783
60108,41.94905,-88.09232
60109,42.04448,-88.56261
60110,42.12296,-88.2883
60111,42.00721,-88.83114
60112,41.92391,-88.68994
60113,41.93142,-88.96421
60115,41.90109,-88.75469
60118,42.10793,-88.30614
60119,41.86154,-88.47702
60120,42.03317,-88.2374
60123,42.04011,-88.31166
60124,42.02621,-88.39691
60126,41.89627,-87.94194
60129,42.02963,-88.95371
60130,41.86704,-87.81795
60131,41.9378,-87.88304
60133,41.97805,-88.14291
60134,41.8784,-88.34189
60135,42.11265,-88.67867
60136,42.1053,-88.37808
60137,41.86539,-88.06225
60139,41.91916,-88.07735
60140,42.08003,-88.5086
60141,41.85834,-87.8379
60142,42.17517,-88.44486
60143,41.97351,-88.02071
60144,41.83507,-88.51984
60145,42.09396,-88.77719
60146,42.10091,-88.88019
60148,41.87505,-88.01859
60150,41.92106,-88.88982
60151,41.9172,-88.56613
60152,42.23882,-88.62597
60153,41.87984,-87.84389
60154,41.84923,-87.88986
60155,41.8578,-87.85631
60156,42.19121,-88.34788
60157,41.974,-88.05476
60160,41.90348,-87.86176
60162,41.86753,-87.90196
60163,41.88794,-87.90948
60164,41.91667,-87.90112
60165,41.90328,-87.88056
60169,42.05192,-88.11656
60171,41.92504,-87.83832
60172,41.97976,-88.08937
60173,42.05287,-88.0526
60174,41.92759,-88.29906
60175,41.94695,-88.3913
60176,41.9583,-87.8697
60177,41.98931,-88.30987
60178,42.00625,-88.67205
60180,42.22342,-88.52023
60181,41.87795,-87.97626
60183,41.94019,-88.40908
60184,41.95208,-88.25323
60185,41.89308,-88.21498
60187,41.87231,-88.1126
60188,41.91562,-88.12958
60189,41.83957,-88.12128
60190,41.87319,-88.1576
60191,41.9647,-87.98087
60192,42.07265,-88.16797
60193,42.01195,-88.09552
60194,42.03339,-88.11125
60195,42.06541,-88.08657
60201,42.05665,-87.69827
60202,42.03043,-87.68958
60203,42.04905,-87.71748
60208,42.05457,-87.67412
60301,41.88865,-87.79648
60302,41.8948,-87.78983
60304,41.87249,-87.78933
60305,41.89501,-87.81943
60401,41.34683,-87.61306
60402,41.83237,-87.78983
60403,41.56696,-88.12438
60404,41.50864,-88.22269
60406,41.65509,-87.68184
60407,41.23037,-88.26415
60408,41.26684,-88.21733
60409,41.61303,-87.55142
60410,41.42119,-88.2171
60411,41.50791,-87.59031
60415,41.70341,-87.77953
60416,41.29357,-88.28197
60417,41.43056,-87.59268
60418,41.64568,-87.74084
60419,41.62752,-87.59871
60420,41.08795,-88.42127
60421,41.40851,-88.08936
60422,41.53861,-87.68443
60423,41.47922,-87.83961
60424,41.16604,-88.32941
60425,41.54343,-87.61073
60426,41.61026,-87.65309
60428,41.5998,-87.69062
60429,41.5737,-87.68331
60430,41.5584,-87.66214
60431,41.53355,-88.20568
60432,41.54087,-88.0406
60433,41.49895,-88.04248
60435,41.54492,-88.1288
60436,41.48973,-88.12392
60437,41.16168,-88.54981
60438,41.56625,-87.55065
60439,41.67692,-87.97623
60440,41.70125,-88.07572
60441,41.59238,-88.05106
60442,41.39189,-87.96062
60443,41.50369,-87.74637
60444,41.24246,-88.40403
60445,41.62833,-87.73542
60446,41.63304,-88.09855
60447,41.48796,-88.32498
60448,41.53821,-87.89396
60449,41.41392,-87.76978
60450,41.37011,-88.43417
60451,41.50717,-87.96088
60452,41.60851,-87.75434
60453,41.71412,-87.75278
60455,41.74102,-87.8068
60456,41.73125,-87.73111
60457,41.72475,-87.82987
60458,41.74892,-87.83484
60459,41.74436,-87.76872
60460,40.9997,-88.53393
60461,41.51752,-87.69148
60462,41.62527,-87.83548
60463,41.66084,-87.79033
60464,41.67088,-87.86869
60465,41.69878,-87.8267
60466,41.47966,-87.68276
60467,41.59855,-87.88848
60468,41.33636,-87.80991
60469,41.62871,-87.68634
60470,41.16592,-88.63876
60471,41.48009,-87.72981
60472,41.6437,-87.70836
60473,41.59733,-87.60115
60474,41.1765,-88.26983
60475,41.47193,-87.6283
60476,41.5694,-87.60562
60477,41.57347,-87.78597
60478,41.55381,-87.73588
60479,41.23174,-88.52078
60480,41.71909,-87.87675
60481,41.28795,-88.12952
60482,41.68737,-87.79239
60484,41.44317,-87.70948
60487,41.56236,-87.83095
60490,41.67575,-88.14118
60491,41.60313,-87.9595
60501,41.77979,-87.82393
60502,41.78911,-88.25952
60503,41.7079,-88.25475
60504,41.74649,-88.23957
60505,41.76527,-88.29576
60506,41.76176,-88.37125
60510,41.84283,-88.31189
60511,41.75778,-88.55601
60512,41.70134,-88.43986
60513,41.82459,-87.8469
60514,41.79655,-87.95683
60515,41.80991,-88.0247
60516,41.76327,-88.01314
60517,41.73913,-88.04161
60518,41.59997,-88.92215
60519,41.77724,-88.24255
60520,41.7826,-88.65808
60521,41.80019,-87.92883
60523,41.83713,-87.95406
60525,41.78371,-87.86778
60526,41.83002,-87.8836
60527,41.74472,-87.93383
60530,41.79613,-88.95988
60531,41.61563,-88.78639
60532,41.79153,-88.08576
60534,41.81311,-87.82066
60536,41.59853,-88.55212
60537,41.56158,-88.60246
60538,41.72165,-88.35637
60539,41.825,-88.33529
60540,41.76361,-88.14476
60541,41.5193,-88.52552
60542,41.80878,-88.3489
60543,41.66537,-88.32442
60544,41.61393,-88.21777
60545,41.67815,-88.53587
60546,41.83834,-87.82132
60548,41.64811,-88.63471
60549,41.4908,-88.74251
60550,41.77708,-88.87777
60551,41.52463,-88.68992
60552,41.66144,-88.70343
60553,41.82399,-89.02806
60554,41.77852,-88.45838
60555,41.82261,-88.18854
60556,41.76507,-88.77373
60557,41.44383,-88.76654
60558,41.80207,-87.90076
60559,41.79496,-87.97464
60560,41.60799,-88.42841
60561,41.74518,-87.98174
60563,41.79933,-88.16884
60564,41.70901,-88.19961
60565,41.7297,-88.12312
60585,41.65864,-88.22339
60586,41.57036,-88.23162
60601,41.88527,-87.62197
60602,41.88304,-87.62906
60603,41.88018,-87.6274
60604,41.87799,-87.62928
60605,41.86644,-87.61956
60606,41.88178,-87.63724
60607,41.87467,-87.65175
60608,41.84887,-87.67139
60609,41.81263,-87.65559
60610,41.90388,-87.63738
60611,41.89483,-87.61944
60612,41.8805,-87.68783
60613,41.9558,-87.65706
60614,41.92267,-87.6506
60615,41.80226,-87.60293
60616,41.84502,-87.62745
60617,41.71337,-87.55618
60618,41.94694,-87.70263
60619,41.74346,-87.60532
60620,41.74096,-87.65257
60621,41.77624,-87.63955
60622,41.90267,-87.68355
60623,41.84793,-87.71753
60624,41.88045,-87.72366
60625,41.97318,-87.69963
60626,42.00904,-87.66955
60628,41.69165,-87.61828
60629,41.7754,-87.71239
60630,41.97222,-87.75758
60631,41.99473,-87.8131
60632,41.81141,-87.71348
60633,41.66315,-87.56044
60634,41.94627,-87.80639
60636,41.77578,-87.66909
60637,41.78156,-87.6032
60638,41.78175,-87.77057
60639,41.9206,-87.75593
60640,41.97253,-87.66372
60641,41.94667,-87.74693
60642,41.90193,-87.65804
60643,41.70026,-87.663
60644,41.88013,-87.75756
60645,42.00859,-87.69457
60646,41.99365,-87.76128
60647,41.92074,-87.702
60649,41.75885,-87.56368
60651,41.90202,-87.74104
60652,41.74744,-87.71445
60653,41.81924,-87.61017
60654,41.89209,-87.63673
60655,41.69479,-87.70374
60656,41.97424,-87.82709
60657,41.93965,-87.65495
60659,41.98946,-87.70668
60660,41.99113,-87.66609
60661,41.88291,-87.64409
60706,41.96384,-87.81672
60707,41.92175,-87.80744
60712,42.00543,-87.73296
60714,42.02834,-87.81131
60803,41.67233,-87.73652
60804,41.84005,-87.75925
60805,41.72201,-87.70243
60827,41.64967,-87.63013
60901,41.11029,-87.90049
60910,41.06426,-87.79991
60911,40.87856,-87.98059
60912,40.97252,-87.60245
60913,41.14835,-88.06206
60914,41.18706,-87.86194
60915,41.14758,-87.86039
60917,41.04644,-88.19179
60918,40.59681,-88.02968
60919,40.98753,-88.24012
60920,41.03021,-88.30378
60921,40.73513,-88.28894
60922,41.00394,-87.92184
60924,40.55855,-87.88454
60926,40.56937,-87.81208
60927,40.93933,-87.96744
60928,40.74568,-87.85078
60929,40.87601,-88.29242
60930,40.83231,-88.00286
60931,40.8919,-87.58654
60932,40.46513,-87.80013
60933,40.46258,-88.27381
60934,40.96119,-88.34862
60935,41.17165,-88.16853
60936,40.46456,-88.36103
60938,40.77456,-87.98355
60939,40.56696,-87.77714
60940,41.25188,-87.64259
60941,41.03865,-88.0859
60942,40.46678,-87.66134
60945,40.8315,-87.59236
60946,40.91307,-88.20072
60948,40.52413,-88.07698
60949,40.38042,-88.10239
60950,41.25135,-87.88494
60951,40.91721,-87.74757
60952,40.56373,-88.25142
60953,40.62854,-87.6894
60954,41.15446,-87.62827
60955,40.7004,-87.98008
60956,40.96775,-87.7163
60957,40.44037,-88.13977
60958,41.06523,-87.5916
60959,40.7895,-88.1832
60960,40.43879,-87.89132
60961,41.10611,-88.23098
60962,40.62248,-88.18442
60963,40.36848,-87.65115
60964,41.03401,-87.7418
60966,40.75144,-87.58321
60967,40.6241,-87.58123
60968,40.6746,-88.12049
60969,41.11101,-88.14975
60970,40.79221,-87.74039
60973,40.53654,-87.66265
60974,40.71807,-87.73588
61001,42.4612,-90.12226
61006,41.86078,-89.20836
61007,42.19941,-89.59109
61008,42.24579,-88.83949
61010,42.136,-89.26751
61011,42.38926,-88.91266
61012,42.40749,-88.75446
61013,42.37544,-89.63623
61014,41.97501,-89.8865
61015,41.99443,-89.20011
61016,42.19761,-88.94704
61018,42.41599,-89.55558
61019,42.44093,-89.40863
61020,42.11035,-89.09807
61021,41.82908,-89.47764
61024,42.43629,-89.29183
61025,42.46958,-90.55904
61027,42.3333,-89.75553
61028,42.29366,-90.16935
61030,42.11578,-89.58898
61031,41.83263,-89.31626
61032,42.31509,-89.63598
61036,42.4172,-90.39816
61037,41.7882,-89.75978
61038,42.26344,-88.73586
61039,42.20805,-89.46931
61041,42.272,-90.3202
61042,41.68819,-89.56015
61043,42.06676,-89.10499
61044,42.32336,-89.9099
61046,42.10404,-89.81329
61047,42.15305,-89.39597
61048,42.38524,-89.83526
61049,42.04417,-89.00753
61050,42.43932,-89.7319
61051,41.98289,-89.7619
61052,42.11146,-89.00011
61053,42.11506,-89.98335
61054,42.05573,-89.44548
61057,41.83357,-89.38401
61059,42.45465,-89.94084
61060,42.47876,-89.61819
61061,41.99851,-89.33819
61062,42.25254,-89.84263
61063,42.31305,-89.34691
61064,41.9893,-89.5873
61065,42.40786,-88.82747
61067,42.30472,-89.47454
61068,41.94928,-89.0652
61070,42.41571,-89.47177
61071,41.72599,-89.70006
61072,42.44661,-89.14109
61073,42.42434,-88.99346
61074,42.12615,-90.13061
61075,42.46546,-90.26444
61077,42.24012,-89.34806
61078,42.16729,-89.73062
61079,42.44681,-89.20955
61080,42.47992,-88.98989
61081,41.84425,-89.73613
61084,42.11843,-89.18867
61085,42.34268,-90.03077
61087,42.48046,-89.99351
61088,42.26995,-89.25509
61089,42.47349,-89.82335
61091,41.90818,-89.55234
61101,42.33727,-89.14725
61102,42.22995,-89.15632
61103,42.3453,-89.08271
61104,42.25186,-89.07911
61107,42.28344,-89.00348
61108,42.25515,-89.00236
61109,42.1924,-89.05392
61111,42.33538,-89.00369
61112,42.24193,-88.97523
61114,42.30854,-88.9892
61115,42.36365,-89.02869
61201,41.47799,-90.57608
61230,41.74074,-90.21447
61231,41.2128,-90.72294
61232,41.43168,-90.72734
61233,41.29464,-90.29129
61234,41.41804,-89.91947
61235,41.39972,-90.0237
61236,41.51242,-90.35586
61237,41.34175,-90.86221
61238,41.28727,-90.17647
61239,41.49479,-90.38966
61240,41.42579,-90.4325
61241,41.48782,-90.31997
61242,41.70363,-90.27858
61243,41.61849,-89.6784
61244,41.52138,-90.39424
61250,41.65884,-90.10081
61251,41.72909,-90.07291
61252,41.8435,-90.12272
61254,41.46692,-90.15551
61256,41.56017,-90.40151
61257,41.59025,-90.22322
61258,41.52185,-89.91396
61259,41.38839,-90.92733
61260,41.24141,-90.88407
61261,41.72928,-89.91166
61262,41.27799,-90.35699
61263,41.26409,-90.59878
61264,41.39765,-90.59452
61265,41.48195,-90.48895
61270,41.82971,-89.9656
61272,41.24817,-91.00865
61273,41.36426,-90.39907
61274,41.37031,-90.27666
61275,41.60016,-90.29781
61276,41.31667,-90.57638
61277,41.60425,-89.93251
61278,41.57938,-90.34138
61279,41.32574,-90.72863
61281,41.3009,-90.51992
61282,41.49673,-90.41172
61283,41.59094,-89.78854
61284,41.3927,-90.74874
61285,41.98307,-90.0811
61301,41.39368,-89.07827
61310,41.69815,-89.34769
61311,41.04018,-88.86219
61312,41.43403,-89.22544
61313,41.07237,-88.66993
61314,41.29745,-89.67474
61315,41.2865,-89.36477
61316,41.25718,-89.12538
61317,41.43201,-89.20813
61318,41.71202,-89.08039
61319,41.01291,-88.73942
61320,41.3553,-89.17047
61321,40.96754,-88.97621
61322,41.3185,-89.30566
61323,41.43544,-89.39605
61324,41.76994,-89.4136
61325,41.23673,-88.80973
61326,41.25276,-89.22083
61327,41.22827,-89.30876
61328,41.50924,-89.459
61329,41.37709,-89.20791
61330,41.53602,-89.27756
61331,41.74771,-89.27754
61332,41.18884,-88.98456
61333,40.98845,-88.88931
61334,41.14731,-89.09935
61335,41.16141,-89.23228
61336,41.1073,-89.21727
61337,41.43827,-89.3171
61338,41.47014,-89.66517
61340,41.26396,-89.25123
61341,41.34015,-88.69246
61342,41.54089,-89.0938
61344,41.41245,-89.8344
61345,41.27981,-89.78878
61346,41.50659,-89.7199
61348,41.2812,-89.03685
61349,41.55295,-89.44192
61350,41.37152,-88.86157
61353,41.6967,-88.99623
61354,41.33158,-89.14281
61356,41.38914,-89.43406
61358,40.98166,-89.04299
61359,41.36341,-89.26962
61360,41.33439,-88.60522
61361,41.40913,-89.76778
61362,41.35138,-89.22819
61363,41.25425,-89.18248
61364,41.12822,-88.85097
61367,41.62611,-89.26221
61368,41.26113,-89.51981
61369,40.9827,-89.15397
61370,41.20854,-89.03476
61371,41.49936,-89.01986
61372,41.46582,-89.08239
61373,41.4004,-88.99456
61374,41.5473,-89.35759
61375,41.03254,-89.24688
61376,41.54065,-89.60726
61377,41.05847,-89.04444
61378,41.72614,-89.158
61379,41.38144,-89.61077
61401,40.94451,-90.38888
61402,40.93993,-90.40627
61410,40.79779,-90.40703
61411,40.40105,-90.50544
61412,41.07092,-90.58853
61413,41.19135,-90.37227
61414,41.12597,-90.15495
61415,40.65425,-90.42801
61416,40.49592,-90.56308
61417,40.77222,-90.54413
61418,40.84714,-90.86492
61419,41.19982,-90.11751
61420,40.5491,-90.86679
61421,41.1792,-89.65083
61422,40.55084,-90.53113
61423,40.8855,-90.50232
61424,41.07671,-89.63513
61425,40.76297,-91.04575
61426,41.11964,-89.70601
61427,40.49823,-90.19319
61428,40.93262,-90.10977
61430,40.94393,-90.31135
61431,40.60315,-90.2776
61432,40.65055,-90.16086
61433,40.55749,-90.16866
61434,41.17387,-90.03598
61435,40.99559,-90.5686
61436,40.86067,-90.21739
61437,40.84911,-90.98905
61438,40.58538,-90.64942
61439,41.02923,-90.35019
61440,40.3079,-90.59786
61441,40.33957,-90.29336
61442,41.10237,-90.92303
61443,41.25972,-89.94242
61447,40.87105,-90.76674
61448,40.93385,-90.24374
61449,41.08926,-89.97051
61450,40.57629,-90.98088
61451,40.94117,-89.93555
61452,40.23836,-90.66022
61453,41.01345,-90.76322
61454,40.68152,-91.04535
61455,40.44047,-90.65115
61458,40.78027,-90.18107
61459,40.50497,-90.41453
61460,40.72159,-90.82774
61462,40.91014,-90.65176
61465,41.20618,-90.46744
61466,41.11103,-90.48222
61467,41.07115,-90.24338
61468,41.2565,-90.38751
61469,40.96262,-90.91066
61470,40.60613,-90.50623
61471,40.69583,-90.82507
61472,41.10327,-90.38345
61473,40.70914,-90.64975
61474,40.73419,-90.39724
61475,40.5969,-90.7527
61476,41.09191,-90.83259
61477,40.4945,-90.31402
61478,40.75633,-90.76035
61479,41.00192,-89.63939
61480,40.72323,-90.91827
61482,40.39362,-90.40766
61483,41.08157,-89.87186
61484,40.29696,-90.44153
61485,41.01677,-90.09764
61486,41.19609,-90.57614
61488,41.03004,-90.32071
61489,40.93462,-90.02664
61490,41.18263,-90.26518
61491,41.05982,-89.72525
61501,40.22797,-90.31233
61516,40.85555,-89.13197
61517,40.823,-89.85155
61519,40.46463,-90.09309
61520,40.54197,-90.02156
61523,40.91751,-89.53562
61524,40.49125,-90.03468
61525,40.84776,-89.67047
61526,40.92899,-89.62599
61528,40.7757,-89.7227
61529,40.7809,-89.93673
61530,40.71146,-89.26287
61531,40.68291,-90.03482
61532,40.34851,-89.80692
61533,40.58736,-89.84029
61534,40.41499,-89.66464
61535,40.58578,-89.52316
61536,40.69051,-89.78688
61537,41.11607,-89.47035
61539,40.55375,-89.77561
61540,41.01856,-89.36867
61541,40.98039,-89.23497
61542,40.38487,-90.13402
61543,40.42213,-89.96842
61544,40.69753,-90.24273
61545,40.86837,-89.35253
61546,40.45212,-89.80172
61547,40.60962,-89.73847
61548,40.80887,-89.41311
61550,40.61054,-89.44049
61552,40.82133,-89.56496
61553,40.62136,-90.02686
61554,40.54441,-89.62181
61559,40.92101,-89.77438
61560,41.18581,-89.40077
61561,40.80582,-89.20475
61562,40.88102,-89.50144
61563,40.4931,-90.05108
61564,40.49848,-89.65624
61565,41.032,-89.50718
61567,40.35077,-89.89899
61568,40.50484,-89.47876
61569,40.67788,-89.89324
61570,40.91933,-89.31578
61571,40.70506,-89.42294
61572,40.79768,-90.0343
61602,40.68005,-89.60395
61603,40.7122,-89.57465
61604,40.70525,-89.65297
61605,40.6765,-89.63317
61606,40.70011,-89.61187
61607,40.62895,-89.68627
61610,40.64294,-89.59882
61611,40.71185,-89.53469
61614,40.75872,-89.60486
61615,40.78088,-89.63102
61616,40.74682,-89.57195
61625,40.6978,-89.61455
61701,40.47697,-88.99278
61704,40.46951,-88.94281
61705,40.46099,-88.99981
61720,40.55228,-88.50498
61721,40.35349,-89.32238
61722,40.42018,-88.63049
61723,40.26139,-89.26703
61724,40.33418,-88.52654
61725,40.61201,-89.11717
61726,40.74013,-88.70014
61727,40.14701,-88.95245
61728,40.57546,-88.62539
61729,40.62799,-89.22393
61730,40.53262,-88.73437
61731,40.61255,-88.48386
61732,40.53123,-89.20646
61733,40.62421,-89.33573
61734,40.37431,-89.52549
61735,40.20561,-88.81072
61736,40.40335,-88.83804
61737,40.45646,-88.73331
61738,40.74925,-89.02821
61739,40.73342,-88.51938
61740,40.88779,-88.86397
61741,40.76045,-88.40057
61742,40.63341,-89.27322
61743,40.87805,-88.78142
61744,40.74377,-88.88118
61745,40.32152,-88.96684
61747,40.4174,-89.43295
61748,40.61483,-88.98898
61749,40.09209,-89.10943
61750,40.12251,-88.8557
61751,40.21455,-89.29926
61752,40.33703,-88.76168
61753,40.63568,-88.78883
61754,40.3287,-89.15744
61755,40.52661,-89.33909
61756,40.03311,-88.96368
61759,40.4347,-89.32418
61760,40.88713,-89.03263
61761,40.52503,-88.95152
61764,40.88343,-88.6263
61769,40.88106,-88.39804
61770,40.43965,-88.52457
61771,40.70725,-89.14184
61772,40.386,-89.06351
61773,40.57209,-88.37605
61774,40.42945,-89.20145
61775,40.64971,-88.37069
61776,40.5713,-88.86706
61777,40.243,-88.93948
61778,40.22575,-89.09104
61801,40.10937,-88.21175
61802,40.12288,-88.14863
61810,39.91019,-87.91837
61811,40.29531,-87.62162
61812,40.25869,-87.88989
61813,39.90933,-88.55796
61814,40.23191,-87.57018
61815,40.11075,-88.3679
61816,39.92444,-88.00398
61817,40.03088,-87.71991
61818,39.88455,-88.71798
61820,40.112,-88.24423
61821,40.11041,-88.27611
61822,40.13693,-88.30453
61830,40.01122,-88.72926
61831,40.22623,-87.79705
61832,40.13186,-87.63256
61833,40.09914,-87.64718
61834,40.16428,-87.64028
61839,40.13184,-88.63694
61840,40.29663,-88.30187
61841,40.02775,-87.82459
61842,40.23889,-88.66411
61843,40.31593,-88.38053
61844,40.14431,-87.8711
61845,40.37308,-88.40076
61846,39.97601,-87.61222
61847,40.31148,-88.01581
61848,40.30694,-87.70096
61849,40.01145,-87.96185
61850,39.9301,-87.74346
61851,39.96507,-88.43544
61852,39.89951,-88.07277
61853,40.22344,-88.41555
61854,40.20654,-88.52129
61855,39.92438,-88.66056
61856,40.02838,-88.58211
61857,40.11862,-87.84337
61858,40.13166,-87.76438
61859,40.15065,-87.96163
61862,40.30474,-87.95103
61863,39.90575,-88.28194
61864,39.97989,-88.14437
61865,40.30362,-87.80047
61866,40.31148,-88.15837
61870,39.90325,-87.61562
61871,40.19118,-87.97925
61872,39.93586,-88.38018
61873,40.14069,-88.03817
61874,40.05062,-88.26078
61875,40.10421,-88.42267
61876,39.90534,-87.8398
61877,39.99456,-88.07764
61878,40.23953,-88.14945
61880,39.97482,-88.2458
61882,40.11203,-88.75969
61883,40.03494,-87.63992
61884,40.09115,-88.48266
61910,39.67283,-88.30035
61911,39.70452,-88.47068
61912,39.52825,-88.03357
61913,39.82657,-88.47156
61914,39.63409,-88.76783
61917,39.71746,-87.8941
61919,39.7789,-88.13727
61920,39.50415,-88.16448
61924,39.79269,-87.6506
61925,39.72444,-88.83548
61928,39.45524,-88.50284
61929,39.82338,-88.62271
61930,39.67935,-88.12899
61931,39.59067,-88.35883
61932,39.79968,-87.87493
61933,39.55099,-87.91502
61936,39.80319,-88.72684
61937,39.73872,-88.65542
61938,39.48004,-88.37571
61940,39.80395,-87.81249
61941,39.80457,-88.07505
61942,39.81515,-88.00818
61943,39.6608,-88.0248
61944,39.59969,-87.70146
61949,39.65753,-87.85844
61951,39.59118,-88.5865
61953,39.79803,-88.28991
61955,39.58162,-87.5875
61956,39.8537,-88.14433
61957,39.4397,-88.60495
62001,38.87971,-89.74562
62002,38.93988,-90.12829
62006,39.06433,-90.66714
62009,39.09351,-89.79856
62010,38.91944,-90.04789
62011,39.12862,-89.21755
62012,39.04225,-90.15027
62013,38.96421,-90.56518
62014,39.04313,-89.94999
62015,39.22011,-89.54203
62016,39.29517,-90.41462
62017,39.06597,-89.36945
62018,38.90847,-90.08574
62019,39.01598,-89.45195
62021,38.97797,-89.981
62022,39.00139,-90.32972
62023,39.10794,-89.78278
62024,38.88343,-90.08879
62025,38.83004,-89.93298
62026,38.79062,-90.00394
62027,39.24686,-90.55725
62028,38.95932,-90.35353
62030,39.15463,-90.16445
62031,39.1123,-90.53355
62032,39.1158,-89.28833
62033,39.13561,-89.84447
62034,38.75639,-89.96897
62035,38.96375,-90.23917
62036,38.91866,-90.59079
62037,39.00826,-90.4664
62040,38.71592,-90.10078
62044,39.36618,-90.20907
62045,39.26297,-90.70921
62046,38.88935,-89.84397
62047,39.13314,-90.62273
62048,38.77004,-90.13895
62049,39.1295,-89.48572
62050,39.43734,-90.55544
62051,39.20309,-89.40244
62052,39.11179,-90.32004
62053,39.31572,-90.65763
62054,39.2012,-90.34693
62056,39.1765,-89.67165
62058,38.96793,-89.76491
62059,38.65434,-90.17097
62060,38.67664,-90.14686
62061,38.79077,-89.77624
62062,38.72719,-89.96253
62063,39.1982,-90.14836
62067,38.92961,-89.98837
62069,39.08892,-89.74044
62074,38.95594,-89.68338
62075,39.30143,-89.29676
62076,39.34186,-89.23383
62077,39.03133,-89.51605
62078,39.47984,-90.48686
62079,39.11457,-90.12642
62080,39.14115,-89.10569
62081,39.26262,-90.23452
62082,39.49392,-90.32157
62083,39.35122,-89.19842
62084,38.84082,-90.06365
62085,39.07839,-89.80308
62086,38.98302,-89.58556
62087,38.81754,-90.06767
62088,39.01318,-89.79764
62089,39.12111,-89.48673
62090,38.66925,-90.17044
62091,39.05594,-89.61222
62092,39.41839,-90.41291
62093,39.06858,-89.84573
62094,39.2441,-89.34871
62095,38.86307,-90.07545
62097,38.93719,-89.85507
62098,39.38377,-90.29946
62201,38.63567,-90.14162
62203,38.60223,-90.07534
62204,38.63033,-90.09642
62205,38.60259,-90.11469
62206,38.56796,-90.16981
62207,38.58327,-90.12544
62208,38.59641,-90.00528
62214,38.37682,-89.60529
62215,38.50672,-89.60515
62216,38.62559,-89.60313
62217,38.1732,-89.83954
62218,38.52069,-89.47738
62219,38.60371,-89.43698
62220,38.47247,-89.98704
62221,38.51187,-89.89922
62223,38.53491,-90.06027
62225,38.54065,-89.85503
62226,38.53634,-90.00057
62230,38.63855,-89.52742
62231,38.64402,-89.32642
62232,38.63266,-90.00509
62233,37.93719,-89.78842
62234,38.68214,-89.9815
62236,38.43391,-90.21141
62237,38.1916,-89.57046
62238,38.04499,-89.5319
62239,38.528,-90.1803
62240,38.52084,-90.21011
62241,38.01474,-89.88845
62242,38.09257,-89.94339
62243,38.41841,-89.88978
62244,38.19142,-90.1965
62245,38.54783,-89.57446
62246,38.88834,-89.42533
62248,38.30543,-89.99341
62249,38.75469,-89.66436
62250,38.54042,-89.26436
62253,38.77554,-89.29738
62254,38.6098,-89.81901
62255,38.31244,-89.77842
62256,38.22623,-90.23152
62257,38.28048,-89.73262
62258,38.46014,-89.77287
62260,38.46097,-90.09891
62261,38.01218,-89.99774
62262,38.9371,-89.26916
62263,38.33168,-89.39706
62264,38.31612,-89.90721
62265,38.50808,-89.67797
62266,38.47481,-89.64988
62268,38.27208,-89.52612
62269,38.59844,-89.91294
62271,38.44028,-89.52209
62272,38.00241,-89.61562
62273,38.78673,-89.58389
62274,38.09312,-89.40064
62275,38.81507,-89.54496
62277,38.09844,-90.11081
62278,38.20528,-89.99116
62279,38.13796,-90.13695
62280,37.83179,-89.65952
62281,38.70405,-89.78288
62282,38.35644,-89.71334
62284,38.86867,-89.31107
62285,38.38845,-90.00773
62286,38.11756,-89.7154
62288,37.99267,-89.69106
62289,38.59788,-89.75096
62292,38.21299,-89.68261
62293,38.61838,-89.69748
62294,38.70374,-89.87242
62295,38.27126,-90.30895
62297,38.04938,-89.81239
62298,38.30906,-90.15132
62301,39.93139,-91.38741
62305,39.92915,-91.34441
62311,40.22195,-90.9212
62312,39.71035,-91.02518
62313,40.31782,-91.2251
62314,39.76967,-90.89204
62316,40.23341,-91.05495
62319,40.15293,-90.72997
62320,40.02343,-91.08295
62321,40.40948,-91.10606
62323,39.81306,-90.68607
62324,39.9901,-90.96302
62325,40.05307,-91.16564
62326,40.42248,-90.81501
62330,40.57217,-91.12187
62334,40.39598,-91.24912
62336,40.46759,-91.17333
62338,39.99309,-91.23889
62339,40.12898,-91.04196
62340,39.7228,-90.72588
62341,40.42566,-91.30555
62343,39.70275,-91.2418
62344,40.1799,-90.82497
62345,39.70655,-91.12758
62346,40.14367,-90.93418
62347,39.86648,-91.08905
62348,40.18836,-91.37126
62349,40.16958,-91.19986
62351,40.11374,-91.26751
62352,39.56818,-90.65455
62353,39.97277,-90.75735
62354,40.52087,-91.33305
62355,39.40963,-90.77936
62356,39.60092,-91.08508
62357,39.68671,-90.86374
62358,40.58527,-91.26113
62359,40.03239,-91.20851
62360,39.81731,-91.26143
62361,39.48734,-90.64191
62362,39.77618,-90.76429
62363,39.59163,-90.7784
62365,39.79559,-91.16018
62366,39.46253,-90.89402
62367,40.30325,-90.86687
62370,39.51818,-90.99881
62373,40.23643,-91.35863
62374,40.40765,-90.91052
62375,39.99782,-90.87176
62376,40.1148,-91.40662
62378,39.89602,-90.63652
62379,40.26867,-91.4061
62380,40.24249,-91.19174
62401,39.11843,-88.56467
62410,38.53254,-87.72783
62411,39.06865,-88.72936
62413,39.14081,-87.84012
62414,39.17277,-88.82611
62417,38.70304,-87.76779
62418,39.02009,-88.97463
62419,38.62201,-87.98425
62420,39.29065,-88.0005
62421,38.75219,-87.94345
62422,39.23327,-88.88855
62423,39.46208,-87.5819
62424,38.98784,-88.42124
62425,38.83363,-88.10383
62426,38.8999,-88.66639
62427,38.87301,-87.65891
62428,39.26396,-88.1302
62431,39.22981,-88.99382
62432,39.13353,-88.14176
62433,39.11276,-87.70514
62434,38.84217,-88.3253
62436,39.18247,-88.25613
62438,39.32553,-88.87005
62439,38.74668,-87.63754
62440,39.39433,-88.26325
62441,39.39392,-87.69795
62442,39.31269,-87.85602
62443,38.95397,-88.62902
62444,39.27853,-88.73474
62445,39.16687,-88.32322
62446,38.49115,-88.21478
62447,39.31303,-88.44456
62448,38.96741,-88.17988
62449,39.00419,-87.91069
62450,38.71436,-88.08777
62451,38.99394,-87.6066
62452,38.58715,-88.01774
62454,38.99725,-87.75767
62458,39.02531,-88.85441
62459,38.92997,-88.0278
62460,38.60661,-87.69639
62461,39.20067,-88.6759
62462,39.23291,-88.47066
62463,39.27519,-88.59683
62464,38.99793,-87.82385
62465,39.34614,-88.63827
62466,38.72707,-87.84957
62467,39.12809,-88.43543
62468,39.27779,-88.27155
62469,39.34843,-88.33911
62471,38.95859,-89.13257
62473,39.01986,-88.56556
62474,39.43526,-87.99462
62475,38.88441,-88.04645
62476,38.53412,-88.00509
62477,39.23369,-87.66024
62478,39.17874,-87.74367
62479,39.03731,-88.31239
62480,38.99864,-88.00129
62481,39.12657,-88.02293
62501,39.92973,-88.80528
62510,39.5315,-89.02706
62512,40.14601,-89.20312
62513,39.72341,-89.15296
62514,39.76753,-89.04508
62515,39.8561,-89.36622
62517,39.59365,-89.43285
62518,40.05154,-89.19037
62519,39.92879,-89.3953
62520,39.82185,-89.45904
62521,39.81435,-88.93086
62522,39.83008,-89.04743
62523,39.84372,-88.95289
62526,39.90322,-88.9902
62530,39.56206,-89.65626
62531,39.66754,-89.37395
62532,39.77633,-88.97781
62533,39.44483,-89.626
62534,39.53519,-88.79603
62535,39.92549,-88.96604
62536,39.63022,-89.65023
62537,39.85263,-89.09324
62538,39.35631,-89.52051
62539,39.86681,-89.24914
62540,39.58496,-89.41938
62541,39.95657,-89.37085
62543,39.97084,-89.1518
62544,39.70854,-88.97375
62545,39.7661,-89.38737
62546,39.43042,-89.44281
62547,39.76883,-89.24929
62548,39.97849,-89.27988
62549,39.76985,-88.8657
62550,39.61154,-88.99283
62551,39.85357,-89.15631
62553,39.27182,-89.10509
62554,39.94976,-88.87107
62555,39.46755,-89.21982
62556,39.46674,-89.37049
62557,39.39974,-89.10503
62558,39.58967,-89.54239
62560,39.3005,-89.60377
62561,39.86754,-89.50498
62563,39.71675,-89.50017
62565,39.41334,-88.8026
62567,39.64668,-89.19082
62568,39.55974,-89.29016
62570,39.58023,-89.45107
62571,39.38155,-88.95998
62572,39.35908,-89.69778
62573,39.94551,-89.07264
62601,39.75032,-90.03904
62610,39.5526,-90.42708
62611,39.88493,-90.39984
62612,39.89864,-90.0683
62613,39.99009,-89.67036
62615,39.58568,-89.75406
62617,40.14948,-90.18109
62618,40.00534,-90.39542
62621,39.73174,-90.5309
62622,39.97786,-90.34302
62624,40.14993,-90.34478
62625,39.90424,-89.70185
62626,39.28459,-89.88362
62627,40.05425,-90.12887
62628,39.7794,-90.40199
62629,39.67858,-89.71978
62630,39.26255,-90.08315
62631,39.82531,-90.36122
62633,40.22577,-89.8763
62634,40.0166,-89.45107
62635,40.29653,-89.46573
62638,39.60714,-90.08226
62639,40.0435,-90.48753
62640,39.43183,-89.80746
62642,40.09022,-89.71303
62643,40.24154,-89.45774
62644,40.28553,-90.06022
62649,39.36451,-90.0664
62650,39.73799,-90.22027
62655,40.16523,-89.99515
62656,40.13948,-89.36622
62661,39.66513,-89.84057
62663,39.54106,-90.32748
62664,40.21106,-89.72629
62665,39.81627,-90.53462
62666,40.08384,-89.54364
62667,39.49372,-89.99016
62668,39.57474,-90.23667
62670,39.74431,-89.89601
62671,40.16707,-89.55755
62672,39.39802,-89.80444
62673,40.09586,-89.9674
62674,39.43486,-90.02952
62675,40.02109,-89.86146
62677,39.85168,-89.87694
62681,40.13841,-90.55885
62682,40.29487,-89.63541
62684,39.91019,-89.58474
62685,39.14209,-89.99689
62688,39.945,-89.92415
62689,39.53402,-89.76555
62690,39.50572,-89.76662
62691,39.95731,-90.22246
62692,39.5832,-89.93936
62693,39.95761,-89.52041
62694,39.62463,-90.47274
62695,39.61943,-90.22418
62701,39.80063,-89.64902
62702,39.82377,-89.64286
62703,39.76276,-89.63106
62704,39.77358,-89.68503
62706,39.79789,-89.6554
62707,39.85506,-89.64989
62711,39.76662,-89.73195
62712,39.74883,-89.58344
62801,38.51097,-89.1412
62803,38.45461,-89.29822
62806,38.38405,-88.07492
62807,38.74767,-88.93412
62808,38.30328,-89.1884
62809,38.28023,-88.33756
62810,38.20515,-88.74388
62811,38.38739,-87.90361
62812,38.00487,-88.92249
62814,38.37641,-88.73054
62815,38.45707,-87.98698
62816,38.18156,-88.92473
62817,37.9545,-88.47762
62818,38.37772,-87.96749
62819,37.97507,-89.00283
62820,38.24873,-88.23561
62821,38.07301,-88.13357
62822,37.97473,-89.05358
62823,38.51864,-88.43816
62824,38.67076,-88.34686
62825,37.99832,-89.06474
62827,38.16573,-88.04157
62828,38.19536,-88.60864
62829,37.99956,-88.49061
62830,38.44559,-88.96424
62831,38.23042,-89.22167
62832,38.01001,-89.24969
62833,38.34071,-88.16355
62835,38.10573,-88.32406
62836,38.0973,-88.80568
62837,38.36608,-88.35999
62838,38.86855,-88.74889
62839,38.66403,-88.49689
62841,37.8588,-88.99639
62842,38.47038,-88.38007
62843,38.3828,-88.19893
62844,38.25525,-88.05018
62846,38.15042,-88.85485
62848,38.43794,-89.16665
62849,38.58803,-88.77221
62850,38.49552,-88.58841
62851,38.42185,-88.66237
62852,38.34992,-87.86676
62853,38.51734,-88.91571
62854,38.76458,-88.81172
62856,37.95246,-88.83549
62858,38.81271,-88.49353
62859,38.07094,-88.54289
62860,38.04022,-88.72921
62861,38.03543,-88.04569
62862,38.2166,-88.29685
62863,38.41575,-87.85526
62864,38.33041,-88.90272
62865,37.97528,-89.08351
62867,37.90503,-88.10091
62868,38.68073,-88.22939
62869,37.96608,-88.28336
62870,38.63463,-89.05063
62871,37.8757,-88.26499
62872,38.26776,-88.8032
62874,37.91767,-88.97802
62875,38.75789,-89.12482
62876,38.27713,-89.19487
62877,38.38983,-89.2057
62878,38.57718,-88.49378
62879,38.7651,-88.35907
62880,38.86751,-88.88593
62881,38.63544,-88.9288
62882,38.63474,-89.1197
62883,38.162,-89.11192
62884,38.08482,-89.04196
62885,38.86289,-89.06286
62886,38.37486,-88.53572
62887,38.18478,-88.36871
62888,38.12665,-89.22828
62889,38.46011,-88.82893
62890,37.90574,-88.73944
62891,38.01569,-89.04067
62892,38.80623,-89.0771
62893,38.46776,-89.03087
62894,38.20952,-89.03931
62895,38.30364,-88.54702
62896,37.89287,-88.91183
62897,38.09763,-88.91504
62898,38.35041,-89.06209
62899,38.63032,-88.64367
62901,37.74003,-89.20946
62902,37.67199,-89.11509
62903,37.67162,-89.27568
62905,37.57381,-89.35867
62906,37.45746,-89.18899
62907,37.86503,-89.50009
62908,37.30827,-88.86603
62910,37.1562,-88.53075
62912,37.47598,-89.0388
62914,37.04076,-89.20329
62915,37.78413,-89.12238
62916,37.93722,-89.56947
62917,37.69752,-88.64882
62918,37.78561,-89.08641
62919,37.52057,-88.14653
62920,37.55095,-89.23208
62921,37.80217,-89.08215
62922,37.6215,-88.81531
62923,37.33709,-89.03671
62924,37.82112,-89.20448
62926,37.3692,-89.13589
62927,37.94129,-89.24837
62928,37.47959,-88.5668
62930,37.84379,-88.44139
62931,37.52813,-88.27953
62932,37.89878,-89.21048
62933,37.77363,-89.02003
62934,37.70876,-88.36175
62935,37.84281,-88.63194
62938,37.38249,-88.54676
62939,37.5489,-88.98088
62940,37.7292,-89.46279
62941,37.24142,-88.97186
62942,37.6348,-89.47681
62943,37.35586,-88.74669
62946,37.7028,-88.52887
62947,37.55676,-88.4348
62948,37.8204,-89.02542
62949,37.8278,-89.14409
62950,37.75184,-89.55573
62951,37.82637,-88.92609
62952,37.42065,-89.33187
62953,37.20684,-88.84533
62954,37.69462,-88.27428
62956,37.27805,-88.93127
62957,37.31355,-89.42669
62958,37.60389,-89.14917
62959,37.71442,-88.91463
62960,37.22515,-88.71097
62961,37.34063,-89.25378
62962,37.07431,-89.33537
62963,37.0933,-89.16263
62964,37.12705,-89.21526
62965,37.76753,-88.5177
62966,37.7693,-89.35198
62967,37.58092,-88.75089
62969,37.15181,-89.34674
62970,37.21362,-89.10119
62972,37.5419,-88.8162
62974,37.78158,-88.79094
62975,37.64307,-89.37274
62976,37.21954,-89.2095
62977,37.85179,-88.54384
62979,37.80813,-88.2365
62982,37.42808,-88.35967
62983,37.90208,-89.10883
62984,37.73152,-88.14903
62985,37.46768,-88.68933
62987,37.61114,-88.65695
62988,37.23184,-89.29629
62990,37.22924,-89.40493
62992,37.27855,-89.1556
62994,37.90593,-89.34664
62995,37.41945,-88.88244
62996,37.16624,-89.15984
62997,37.98357,-89.59013
62998,37.51649,-89.44698
62999,37.89122,-89.05275
